フォルダ名,商品名,ブランド,モデル・ライン,カテゴリ,商品コメント,色・サイズ補足情報,購入期限,仕入先URL,買付地,ショップ名,発送地,仕入先保存,カラー系統,色,サイズ,シーズン,タグ,テーマ,価格,参考価格,配送方法名,在庫,型番/メモ,関税負担,出品メモ,ライバル価格,ライバルURL,SKU,価格計算式,品代(海外仕入),送料(仕入),梱包,送料(出品),出品価格,関税(10%),消費税(10%),仕入合計,BUYMA手数料,利益%,出品価格_再掲,利益,ソース画像パス,画像フォルダパス,通貨,サイトコード,外部商品ID,生成ステータス,出品結果,出品URL,出品エラー,在庫監視
CHLOE_Paddington_Bracelet_with_Charms_gold_338722,【Chloé】'Paddington' bracelet with charms 関税無＆送料無料,Chloé,,レディースファッション ファッション小物 ブレスレット,"☆在庫がない商品も再入荷がございます。まずはお問い合わせください。

★プレゼントラッピングのご用意もしております
誕生日/記念日/入学祝い／卒業祝い／就職祝い／結婚祝い/クリスマス/バレンタイン／ホワイトデー/母の日

【ブランド】 Chloé
【商品名】 'Paddington' bracelet with charms
【特徴】
・生産国：イタリア
・カラー：ゴールド

【商品仕様】
・素材：確認中
・生産国：イタリア
・カラー：ゴールド
・サイズ：指定なし
本商品のモデル着用画像はイメージとなります。アイテムの詳細については商品と異なる場合がございます

【Style Note】
Chloéの「'Paddington' bracelet with charms」は、上質な佇まいと実用性を兼ね備えた一品です。トップスやアウターとの合わせ方次第で、カジュアルからスマートまで幅広く演出できます。

 人気の商品は在庫が常に流動的なためお買い求めの前に、お手数ですが必ず在庫確認のお問い合わせをお願い致します。 終日対応させて頂きます。

ご注文の手順
①【在庫状況 / 色・サイズ】欄をご確認ください。 ○の場合は、手元に在庫がございません。事前にお問合せ下さい
②「在庫・商品に関するお問合せ」からご希望商品をご連絡下さい
③ 在庫をお調べし、買付可否をご連絡させて頂きます
        ★買付可能でございましたら、そのままご注文が可能です         ★在庫切れなどの理由で買付不可の場合もございます。
④ 国内到着後に専門の女性スタッフによる検品・発送させて頂きます
必ず「お取引について」をご一読ください。
【あんしんプラス】 配送途中での紛失事故やサイズや色の不安などに備えて BUYMA補償制度の「あんしんプラス」へのご加入をお勧めしております。 https://qa.buyma.com/bm/anshin/1006.html
","【ブランド】Chloé
【商品名】'Paddington' bracelet with charms
【カラー】ゴールド

━━━━━━━━━━━━━━━━━━━━

■ サイズ表記の詳細は商品ページをご確認ください。

■ 関税・送料はすべて当ショップが負担いたします。
  お客様に追加費用は一切発生いたしません。

■ サイズ選びにお悩みの方はお気軽にご相談ください。

■ 在庫は常に変動しております。
  ご注文前に必ず在庫のお問い合わせをお願いいたします。

■ ご注文確定後のキャンセルはお受けできませんので
  予めご了承ください。

━━━━━━━━━━━━━━━━━━━━

【あんしんプラスのご案内】

BUYMAの「あんしんプラス」にご加入いただくと、
返品補償・初期不良補償・紛失補償が適用されます。

詳しくはこちら↓
https://www.buyma.com/contents/safety/
",2026/08/27,https://www.julian-fashion.com/en-JP/product/338722/chloe/bracelets/paddington_bracelet_with_charms,海外:ヨーロッパ:イタリア:選択なし,Julian Fashion,国内:愛知県::,Julian Fashion,ゴールド（金色）系,ゴールド,"指定なし
フリー,",,,,89800,,ヤマト運輸 - 宅急便,246,ゴールド,出品者負担(税込),"URL: https://www.julian-fashion.com/en-JP/product/338722/chloe/bracelets/paddington_bracelet_with_charms
SKU: ゴールド

① 商品(免税JPY): ¥62,181  (JPY62,181.00)
② 海外送料: ¥9,284  (EUR50.00×185.68)
③ 仕入合計: ¥71,465
④ 課税価格(仕入×60%): ¥37,309
⑤ 関税 (課税×10%): ¥3,731
⑥ 消費税 ((課税+関税)×10%): ¥4,104
⑦ 国内送料: ¥1,200
⑧ 原価合計: ¥80,500
⑨ 利益 (3.0%): ¥2,415
⑩ 販売価格 (手数料7.7%逆算 ÷0.923): ¥89,800
   BUYMA手数料 (販売×7.7%): ¥6,915",,,ゴールド,"① 商品(免税JPY): ¥62,181  (JPY62,181.00)
② 海外送料: ¥9,284  (EUR50.00×185.68)
③ 仕入合計: ¥71,465
④ 課税価格(仕入×60%): ¥37,309
⑤ 関税 (課税×10%): ¥3,731
⑥ 消費税 ((課税+関税)×10%): ¥4,104
⑦ 国内送料: ¥1,200
⑧ 原価合計: ¥80,500
⑨ 利益 (3.0%): ¥2,415
⑩ 販売価格 (手数料7.7%逆算 ÷0.923): ¥89,800
   BUYMA手数料 (販売×7.7%): ¥6,915",62181,9284,0,1200,89800,3731,4104,80500,6915,0.03,89800,2415,C:\development\EC-Buyma\workspace\scrape\run_20260813_103008\images\CHLOE_Paddington_Bracelet_with_Charms_gold_338722\1.webp,C:\development\EC-Buyma\workspace\scrape\run_20260813_103008\images\CHLOE_Paddington_Bracelet_with_Charms_gold_338722,JPY,julian-fashion,julian-fashion:338722,done,,,,
